parameter_id,definition,value_or_rule,unit,origin_type,source_or_method,rationale_and_evidence_boundary,sensitivity_status,affected_result
P01,Eligibility,V >= 1e6 USD; origin coverage >=0.80; route coverage >=0.50. Fixed keys additionally V2024 >=1e7 USD; Fig3 origin events use origin-analysis eligibility.,USD; fractions,Author-defined screen,Main Methods; current SI; SD6–SD10,No externally established optimum; balances usable evidence and scope,Current explicit sample definitions: SI Table 1 and SD1.,All MRCI results
P02,Historical windows and allocation cohort,12 adjacent; 9 rolling four-year; 3 non-overlapping four-year windows; allocation baseline and baseline-4 eligible,years,Author-defined sample design,Main Methods; SI Methods 6,"Four-year screen selects persistent evidence, not mathematical feasibility",Reference samples rebuilt; no new baseline-only allocation control.,Historical diagnosis and Fig. 5
P03,Mirror reconciliation,Both positive: sqrt(E*I); single positive: retain observed value,USD,Author-defined processing,DS01; main Methods,Symmetric reconciliation; not the Comtrade published estimator,Earlier-specification checks are not current validation unless explicitly linked to SD6–SD9.,Trade network
P04,Flow quality,q=1/(1+abs(log1p(E)-log1p(I))) for bilateral positives; q=0.45 for single-sided; estimated quantity/netweight flag multiplier=0.85,dimensionless,Author-defined heuristic,DS01 flags; this study,No empirical estimation of 0.45 or 0.85 documented,Earlier-specification checks are not current validation unless explicitly linked to SD6–SD9.,Attribution uncertainty
P05,Mirror quality tiers,"Relative gap abs(E-I)/max((E+I)/2,1); A <=0.25; B <=0.75; C single-sided; D otherwise",fraction,Author-defined heuristic,DS01; this study,"Tier boundaries are processing choices, not validated error probabilities",Earlier-specification checks are not current validation unless explicitly linked to SD6–SD9.,Observation error
P06,Observation sigma,A=0.15; B=0.45; C=0.75; D=1.10; take maximum with mirror interval estimate / 1.6448536269514722,log1p value scale,Heuristic scales plus row-derived discrepancy,DS01; this study,Z90 is a standard-normal quantile; tier sigmas are not empirically calibrated,Earlier-specification checks are not current validation unless explicitly linked to SD6–SD9.,Trade reconstruction and uncertainty
P07,Internal missing years,Maximum gap 2; linear log1p interpolation; sigma += 0.20*gap; quality /= (1+0.25*gap),years; dimensionless,Author-defined reconstruction,This study,Internal gaps only; penalties acknowledge poorer evidence,Earlier-specification checks are not current validation unless explicitly linked to SD6–SD9.,Historical trade
P08,Stage-specific local-source weight,"ore/mineral 0.95; material 0.65; compound 0.55; metal 0.45; alloy 0.25; magnet 0.20. Stage order: ore/mineral, material, compound, metal, alloy, magnet.",fraction,Author-defined heuristic,SI Eqs. 9–13; DS06–DS10 seeds,"These weights mix country and global origins, not engineering conversion yields","SD7: fixed trade/cohort/route geometry, prior-only and +/-0.20 clipped weights; reclassified and fixed-reference event networks.",Inferred origin and Fig. 5
P09,Missing country origin fallback,Producing countries start as point masses on themselves; others have no state. Missing exporter state uses full global g. Absent stage or no imports carries state forward; imports without previous state are normalized alone. States reset by mineral-year.,fraction,Author-defined model assumption,SI Methods 3.1 and worked example; DS06–DS10,Do not use unnormalised (1-w)*g when local origin is absent,Earlier-specification checks are not current validation unless explicitly linked to SD6–SD9.,Origin reconvergence
P10,Production prehistory bridge,2012 national WMD2018/BGS ratio; missing-national-anchor fallback to mineral-total ratio; no clipping,ratio,Estimated from external observations,"DS06, DS09, DS10",2012 calibration; held-out 2010–2011 comparison,Earlier-specification checks are not current validation unless explicitly linked to SD6–SD9.,Fig. 5
P11,Heuristic attribution index U,"0.35*entropy + 0.25*(1-mean flow quality) + 0.20*mean hub uncertainty + 0.20*clip(mean sigma/1.5,0,1)",index,Author-defined heuristic,SI Eq. 16,"Hub uncertainty per attributed entry is 1-w_s. Positive origin entries determine normalized entropy; group means and trade-value aggregation are specified in SI Eq.16. U is a heuristic, not a calibrated probability.",SD6: classification gate removal and baseline-floor decomposition on all 5427 reference deconcentration windows.,Evidence safeguard and draws
P12,Geographically screened overland rule,Initial distance <1500 km; country anchors share connected Natural Earth land (0.5-degree coastal tolerance) or registered fixed crossings; country anchors >1 degree outside their polygon repaired; Earth radius 6371 km,km,Author-defined geographic feasibility screen,"DS11, DS12, DS15, DS18; geographic-screen register",Foreign gateway overrides cannot establish land connectivity. Coarse polygons do not establish observed transport mode.,Earlier-specification checks are not current validation unless explicitly linked to SD6–SD9.,All static maritime results
P13,Marine engine options,searoute 1.6.0; speed_knot=24 (travel-time setting); restrictions=[northwest]; append_orig_dest=false; include_ports=false; backend=networkx; algorithm=null,categorical,Computational settings,DS14; frozen route_engine_lock.json,"Reproduces the archived static graph, not observed modal choice",Earlier-specification checks are not current validation unless explicitly linked to SD6–SD9.,Static routes
P14,Chokepoint tagging,Periodic-longitude line-segment intersection with eight closed rectangles,boolean,Author-defined spatial rule,DS13; coordinate rows P14.*,Vertex inclusion is not line-segment intersection,Corrected reference route assignment; no claim of observed voyages.,Static C*
P15,MRCI threshold,"tau=0.025; alternatives 0.010 and 0.050; transfer OR, substantive de-risking AND plus evidence rules",index/share points,Author-defined classification,SI Eqs. 1–8,Non-compensatory diagnostic; not an empirical disruption threshold,Earlier-specification checks are not current validation unless explicitly linked to SD6–SD9.,MRCI
P16,Clustered intervals,2000 demand-country cluster draws; paired percentile 2.5/97.5; all rows of sampled country retained,replicates; percentiles,Statistical procedure / numerical count,Main statistical Methods,Measures sample-composition variation; not total model uncertainty,Current SD2: nine of twelve paired window intervals exclude zero; pooled paired interval excludes zero.,Fig. 1 and Extended Data
P17,Conditional trade perturbations,500 corridor-level conditional draws; separate 40 raw-report draws and 10 full allocation draws,log-value perturbations; draw counts,Author-defined error model / numerical settings,SI conditional uncertainty; DS01,500 corridor draws use record-derived scales; raw-report and allocation draws use log SD 0.1 and stage-weight deviations ±0.2. Distributions are uncalibrated assumptions.,SD9 records distinct ensembles; no pooling or independent-replicate claim.,Historical and allocation conditional sensitivity; SD9
P19,Unmatched routes,Total trade remains denominator. Bound unmatched route exposure between no added chokepoint and assignment to a maximal chokepoint.,fraction,Author-defined missing-data scenario,Archived route coverage and template,C* denominator remains total direct trade,"SD9: saved-allocation bounds conditional on reference origin fingerprints, not adversarial reoptimisation or unrestricted provenance.",SD9 saved-allocation route bounds
P20,Supplier candidates and ceilings,"Baseline suppliers plus top 60 by six-year peak, with positive current exports; ceiling 1.10*six-year peak; outside commitments and unsupported shares fixed",count; years; USD,Author-defined allocation scenario,DS04 trade history,"Historical export envelope, not plant or engineering capacity",Earlier-specification checks are not current validation unless explicitly linked to SD6–SD9.,Fig. 5
P21,Allocation objectives,Matched direct-only: sum omega*wD*D/D0; integrated uses identical D coefficients plus baseline-normalized O and C*; wD=1/3 with candidate chokepoints and 1/2 without. Raw sum omega*D retained as control.,weighted index,Author-defined normative objective,SI Eqs. 30–31,Matched control isolates adding O and C* terms within the stated model; neither solution establishes real-world capacity.,"583 groups across 2012–2024; SD6 origin-term ablation changes only origin weight to zero, retaining direct and route coefficients without renormalisation.",Fig. 5 interpretation
P22,Route normalisation floor,epsilon_C=0.025; applies for every C0*<0.025 with candidate chokepoint exposure,share,Numerical stabilisation / author choice,SI Eq. 31,Distinct role from tau despite equal numeric value; not restricted to C0*=0,Earlier-specification checks are not current validation unless explicitly linked to SD6–SD9.,Fig. 5
P23,Post-allocation evidence,Origin fingerprints and evidence held fixed; delta U=0,index,Author-defined conditional comparison,SI allocation Methods,Does not imply realised reallocation preserves evidence quality,Earlier-specification checks are not current validation unless explicitly linked to SD6–SD9.,Fig. 5
P24,Solver and acceptance,Clarabel 0.11.1; max_iter=500; gap and feasibility tolerances 1e-11 for reference/ablation and 1e-13 for conditional allocation draws; scaled then unscaled retry; original KKT and primal acceptance gates unchanged; fallback retained.,numerical tolerances,Computational settings,SI numerical acceptance checks,"Precision and feasibility tests, not evidence for physical capacity","Independent numerical checks and paired original/rebuilt-input precision checks in SD5, SD6 and SD9/precision_audit. Original lower-precision failures retained.",Fig. 5
P25,Auxiliary outcomes,Any joint improvement: all changes < -1e-6; reallocation share=0.5*L1 allocation distance,index points; fraction,Author-defined descriptive metrics,SI Eq. 33 and allocation text,Numerical-zero filter is not tau,Earlier-specification checks are not current validation unless explicitly linked to SD6–SD9.,SI and Fig. 5
P26,Production audit gates,median TVD<=0.10; P90<=0.20; mineral median<=0.25; top producer agreement>=0.90; P90 abs HHI gap<=0.05; listed coverage>=0.90,fractions/index,Author-defined acceptance criteria,DS09–DS10; historical audit manifest,Not universal scientific accuracy standards,Earlier-specification checks are not current validation unless explicitly linked to SD6–SD9.,Early production history
P27,Display selections,"Fig3 origins/suppliers/demand top5/6/5, edges top10/9; Fig4 top32, marker cutoff2%; Fig5 four highest-value minerals with complete years",counts; percent,Display only,Figure captions and Source Data,Do not affect full indicator calculations; not empirical model parameters,Earlier-specification checks are not current validation unless explicitly linked to SD6–SD9.,Main figures
P14.1,Suez rectangle,"lon [32,33]; lat [29,31]",degrees,Author-defined spatial bounds,DS13,"Closed segment–rectangle intersection; periodic longitude, not vertex-only incidence.",Earlier-specification checks are not current validation unless explicitly linked to SD6–SD9.,Static C*
P14.2,Panama rectangle,"lon [-80.5,-79]; lat [8,10]",degrees,Author-defined spatial bounds,DS13,"Closed segment–rectangle intersection; periodic longitude, not vertex-only incidence.",Earlier-specification checks are not current validation unless explicitly linked to SD6–SD9.,Static C*
P14.3,Malacca rectangle,"lon [98,104]; lat [1,6]",degrees,Author-defined spatial bounds,DS13,"Closed segment–rectangle intersection; periodic longitude, not vertex-only incidence.",Earlier-specification checks are not current validation unless explicitly linked to SD6–SD9.,Static C*
P14.4,GoodHope rectangle,"lon [17,21]; lat [-36,-33]",degrees,Author-defined spatial bounds,DS13,"Closed segment–rectangle intersection; periodic longitude, not vertex-only incidence.",Earlier-specification checks are not current validation unless explicitly linked to SD6–SD9.,Static C*
P14.5,Gibraltar rectangle,"lon [-6.5,-5]; lat [35.7,36.3]",degrees,Author-defined spatial bounds,DS13,"Closed segment–rectangle intersection; periodic longitude, not vertex-only incidence.",Earlier-specification checks are not current validation unless explicitly linked to SD6–SD9.,Static C*
P14.6,BabAlMandeb rectangle,"lon [43,44]; lat [12,13.5]",degrees,Author-defined spatial bounds,DS13,"Closed segment–rectangle intersection; periodic longitude, not vertex-only incidence.",Earlier-specification checks are not current validation unless explicitly linked to SD6–SD9.,Static C*
P14.7,Hormuz rectangle,"lon [56,57]; lat [26,27]",degrees,Author-defined spatial bounds,DS13,"Closed segment–rectangle intersection; periodic longitude, not vertex-only incidence.",Earlier-specification checks are not current validation unless explicitly linked to SD6–SD9.,Static C*
P14.8,Dover rectangle,"lon [1.0,1.6]; lat [50.7,51.2]",degrees,Author-defined spatial bounds,DS13,"Closed segment–rectangle intersection; periodic longitude, not vertex-only incidence.",Earlier-specification checks are not current validation unless explicitly linked to SD6–SD9.,Static C*
P28,No-propagation control,Disable between-stage state update; retain initialization and stage-weight blend,structural switch,Author-defined diagnostic,Supplementary Result 6; SD11/historical.py,Isolates propagation conditional on common attribution assumptions; not origin validation,Recomputed all historical years and fixed recent event sets,Figures 2 and 3 interpretation
P29,Single-passage avoidance,Separate Panama/Suez/Malacca restrictions with northwest restriction retained,route scenario,Author-defined stress test,DS13; Supplementary Result 7; SD11/routes.py,Fixed anchors and land assignments; accepted geometry must avoid selected rectangle,Three scenarios with explicit unresolved-path outer bounds,Figure 4 interpretation
P30,Unresolved alternative-path incidence,Lower zero and upper one at every chokepoint; endpoint cross-bounds,share,Author-defined bounding rule,Supplementary Result 7; SD11/routes.py,Conservative outer bounds need not be jointly feasible and are not confidence intervals,61 Panama and 634 Malacca pairs unresolved; none for Suez,Alternative-route risk-transfer bounds
P31,Objective preference multipliers,Origin 0/0.25/0.5/1/2/4; route 0.25/0.5/1/2/4; other coefficients fixed,multiplier,Author-defined preference grid,Supplementary Result 8; SD11/allocation.py,Discrete design checks rather than estimated optimal weights or complete Pareto frontier,Four major minerals in 2024; 219 units in 9 groups,Figure 5 interpretation and Supplementary Figure 1
P32,Route-floor comparison,epsilon_C 0.01/0.025/0.05; classification tau stays 0.025,share,Author-defined numerical sensitivity,Supplementary Result 8; SD11/allocation.py,Separates objective normalisation from outcome classification,Material joint-reduction shares unchanged in selected 2024 cohort,Allocation sensitivity
P33,Export-headroom comparison,0/0.10/0.25 above historical peak under matched direct-only and integrated objectives,fraction,Author-defined capacity proxy scenario,DS04; Supplementary Result 8; SD11/allocation.py,Historical envelope not measured engineering capacity,Strict numerical acceptance retained; exporter-envelope audits saved,Allocation sensitivity
