year,exporter_iso,importer_iso,top_chokepoint,weighted_shift_usd
2021,PAN,JPN,Panama,351857311.37334365
2021,PAN,KOR,Panama,175603138.7171908
2021,IND,GRC,BabAlMandeb,102797947.30147356
2021,TUR,CHN,Malacca,100047254.09724392
2021,DEU,USA,Panama,75858481.45671675
2021,IND,VNM,Malacca,74145069.23945192
2021,AUS,NLD,Dover,67953767.25956725
2021,ZWE,CHN,Malacca,66562595.81178753
2021,CAN,NLD,Dover,58954515.74271146
2021,NLD,USA,Panama,58861916.67305577
2021,CHE,CAN,Panama,58831277.61588319
2021,MYS,VNM,Malacca,56206105.63506081
2021,MOZ,ITA,Suez,44449683.628222376
2021,AUS,DEU,Dover,37574903.246044174
2021,IND,ITA,Suez,37277747.2947294
2021,PAK,CHN,Malacca,36506435.23152107
2021,MOZ,GRC,BabAlMandeb,35310863.369259104
2021,RUS,USA,Panama,34657569.95435674
2021,PER,DEU,Dover,32677782.449346986
2021,PRT,FIN,Dover,31388885.704363026
2021,RUS,UZB,Dover,30962844.520339824
2021,GBR,USA,Panama,30325824.88888823
2021,USA,NLD,Dover,27837012.10366164
2021,BRA,FIN,Dover,27623592.51113748
2021,USA,DEU,Dover,27141164.591442306
2021,BEL,THA,Malacca,25730202.184822515
2021,ZAF,NLD,Dover,24964227.66279438
2021,TUR,KOR,BabAlMandeb,23249830.41989127
2021,MAR,DEU,Dover,22635251.37319152
2021,ALB,CHN,Malacca,21425578.342200585
2021,AUS,FIN,Dover,20035718.10027073
2021,NOR,USA,Panama,19850137.84187113
2022,KAZ,CHN,Malacca,517324704.59916
2022,RUS,CHN,Malacca,516492830.5913959
2022,ESP,CHN,Malacca,255168987.87081152
2022,SGP,BEL,Dover,201546493.30568463
2022,FIN,CHN,Malacca,168993038.67061654
2022,SRB,CHN,Malacca,165917582.27737662
2022,IND,NLD,Dover,159759056.3313738
2022,SAU,CHN,Malacca,132645562.9303363
2022,COD,ESP,Gibraltar,117541006.49267387
2022,ARM,CHN,Malacca,90249274.68914744
2022,ZAF,DEU,Dover,89291786.69774917
2022,NOR,USA,Panama,81354830.84754519
2022,MYS,CHN,Malacca,81193931.41797628
2022,ZMB,CHN,Malacca,76796683.72333828
2022,ARE,DEU,Dover,76299953.34773947
2022,RUS,USA,Panama,66317275.2569445
2022,AUS,NLD,Dover,60236635.53468248
2022,SGP,NLD,Dover,60119979.62237206
2022,ZAF,NLD,Dover,58472272.68273668
2022,ARE,NOR,Dover,57232608.45725374
2022,NAM,BEL,Dover,54009126.70502836
2022,TUR,CHN,Malacca,53227518.91497544
2022,FIN,USA,Panama,50842721.93623049
2022,CHL,ESP,Gibraltar,46102232.59507681
2022,IND,DEU,Dover,43781264.40453716
2022,CAN,NLD,Dover,43297040.94054619
2022,ESP,MEX,Panama,42452611.61624061
2022,PAN,CAN,Panama,42244226.25638476
2022,CAN,SWE,Panama,40897180.98452312
2022,CHL,NLD,Dover,40348153.98706339
2022,ARE,NLD,Dover,38962068.0040104
2022,ZAF,USA,Panama,36408620.48732237
2023,CHL,NLD,Dover,174567227.2598485
2023,GHA,CHN,GoodHope,163239187.42080602
2023,CHL,SWE,Panama,71238263.58619171
2023,KAZ,VNM,Malacca,69052550.79496579
2023,MYS,JPN,Malacca,67401391.23090357
2023,BRA,FIN,Dover,52635816.17241339
2023,BRA,CHN,GoodHope,50003043.67325392
2023,KAZ,GBR,Dover,47649207.721811645
2023,COG,NLD,Dover,41162161.87046939
2023,BRA,SWE,Dover,33547430.26491333
2023,DEU,ESP,Gibraltar,29556639.608977348
2023,USA,NLD,Dover,26428964.226492204
2023,AUS,DEU,Dover,24395556.923546404
2023,CIV,CHN,GoodHope,24167037.768629167
2023,FIN,GRC,Gibraltar,24031896.473167084
2023,FIN,KOR,Malacca,22918543.404435355
2023,CAN,FRA,Panama,22304299.95837298
2023,MOZ,CHE,Suez,21937578.750114355
2023,SGP,VNM,Malacca,21880377.103318885
2023,CHN,DEU,Dover,21193377.46233113
2023,KOR,GBR,Dover,21191407.70014298
2023,COD,NLD,Dover,21040101.024626262
2023,PER,NLD,Dover,20601722.018742725
2023,BGR,NLD,Dover,17616933.297956202
2023,CHL,DEU,Dover,17384458.571198236
2023,IND,VNM,Malacca,17135021.583338134
2023,PRT,FIN,Dover,16257472.14507652
2023,RUS,CHN,Malacca,14612054.787476376
2023,USA,FRA,Panama,14578504.4663001
2023,KOR,ITA,BabAlMandeb,12768877.70118591
2023,AUS,SWE,Dover,12256156.72892525
2023,MYS,KOR,Malacca,12054152.726634417
2024,ZWE,CHN,Malacca,273271142.9066758
2024,ARE,TUR,Suez,238721805.9297734
2024,RUS,CHN,Malacca,163042728.3120718
2024,IND,TUR,Suez,148788363.1864909
2024,FIN,CHN,Malacca,127976348.65082727
2024,CHL,SWE,Panama,117920509.46606372
2024,KAZ,IDN,BabAlMandeb,116620420.03862824
2024,MYS,TUR,Suez,84218015.5967583
2024,KAZ,VNM,Malacca,76921388.59948386
2024,COD,BEL,Dover,63405450.89442623
2024,MYS,BEL,Dover,52473290.31308309
2024,IND,KOR,Malacca,48074397.59721021
2024,TJK,TUR,Suez,47101109.3777488
2024,RUS,KOR,Malacca,47003315.78796853
2024,ZMB,CHN,Malacca,40387474.060708
2024,MYS,KOR,Malacca,32885358.500561915
2024,MYS,IND,Malacca,32600489.45584053
2024,SGP,VNM,Malacca,28760943.3940855
2024,IND,VNM,Malacca,23472162.08888404
2024,FIN,CAN,Panama,21398233.164288897
2024,BRA,CAN,Panama,20887306.066730656
2024,MYS,BGD,Malacca,20336407.39331377
2024,NAM,CAN,Panama,19837681.188038696
2024,RUS,AZE,Dover,17214756.546699245
2024,OMN,TUR,Suez,17091961.955231287
2024,IDN,FIN,Dover,16957620.328924865
2024,MYS,VNM,Malacca,16154369.470674371
2024,DEU,BGR,Gibraltar,15729801.608076762
2024,ARE,CHN,Malacca,15215977.446635384
2024,MDG,JPN,Malacca,15070775.73843221
2024,MYS,CHN,Malacca,10616336.493117511
2024,SAU,KOR,Malacca,10432648.436445694
