threshold,value_share_pct
0.025,2.659392515811594
0.02525,2.6486506999747044
0.0255,2.257891602475341
0.02575,2.23583423942045
0.026,2.2302777205648288
0.02625,2.1956342834468425
0.0265,2.008178860053345
0.02675,1.996504093137024
0.02695,1.962880780391819
0.027,1.961912731194826
0.02725,1.956250563009963
0.0275,1.956250563009963
0.02775,1.927353704366174
0.028,1.908725774653572
0.02825,1.876090755261704
0.0285,1.8737292073441
0.02875,1.8662927685159207
0.0289,1.8662927685159207
0.029,1.864390110412239
0.02925,1.852339148035948
0.0295,1.8517583404504336
0.02975,1.8496927943146504
0.03,1.8345636807143
0.03025,1.8338920597652015
0.0305,1.78740292008006
0.03075,1.781080340702322
0.03085,1.78013105935793
0.031,1.7607925580432302
0.03125,1.7603779777172297
0.0315,1.7133851507446467
0.03175,1.7099296791472698
0.032,1.7016246351495354
0.03225,1.699503488967563
0.0325,1.6759597102428736
0.03275,1.675284053889611
0.0328,1.675284053889611
0.033,1.63365666524558
0.03325,1.617103619166378
0.0335,1.616477077778087
0.03375,1.6140674908389376
0.034,1.606700377429184
0.03425,1.606700377429184
0.0345,1.6057669296325858
0.03475,1.6020242425649742
0.035,1.5867908189494806
0.03525,1.5867908189494806
0.0355,1.5865060585981996
0.03575,1.5865060585981996
0.036,1.5865060585981996
0.03625,1.441596686243869
0.0365,1.4412263835594643
0.0366999999999999,1.4383913761522298
0.03675,1.4367226726415638
0.037,1.432879054980592
0.03725,1.4164089378839704
0.0375,1.3920885996967052
0.03775,1.3678673912823425
0.038,1.2313221771780465
0.03825,1.225512608946794
0.0385,1.2201789188588628
0.03865,1.2179991583287364
0.03875,1.2179991583287364
0.039,1.1215726641437638
0.03925,1.105215445807043
0.0395,1.103651964570304
0.03975,1.1032967201933308
0.04,1.040025536892054
0.04025,1.0392035321699111
0.0405,1.0346022827683985
0.0406,1.0346022827683985
0.04075,0.9711972376993668
0.041,0.9711972376993668
0.04125,0.9448112460931803
0.0415,0.9441820195252036
0.04175,0.9306987467084966
0.042,0.9186792541416292
0.04225,0.9137146991642308
0.0425,0.9102480642407778
0.04255,0.9102480642407778
0.04275,0.9091726242262202
0.043,0.9057631238966248
0.04325,0.9049328602823696
0.0435,0.9049328602823696
0.04375,0.9014993552127047
0.044,0.8923632948956006
0.04425,0.8920787517482303
0.0445,0.8854541747972523
0.04475,0.8845591832542192
0.045,0.8833459297745553
0.04525,0.8778185428687876
0.0455,0.8768529597686074
0.04575,0.8742543342890846
0.046,0.8653768151464398
0.04625,0.86416912206684
0.04645,0.8615331725404621
0.0465,0.8433853347042495
0.04675,0.8296332605918155
0.047,0.8296332605918155
0.04725,0.794094584446931
0.0475,0.794094584446931
0.04775,0.792460792924572
0.048,0.792460792924572
0.04825,0.7923371608186397
0.0484,0.786288206209
0.0485,0.7861298711913871
0.04875,0.7836832954527813
0.049,0.7787530642430328
0.04925,0.7787530642430328
0.0495,0.7722611517068024
0.04975,0.7714643730236104
0.05,0.6421462521829755
0.05025,0.6418723632556382
0.05035,0.6418723632556382
0.0505,0.6399903354903728
0.05075,0.6396554531434057
0.051,0.6383045372844109
0.05125,0.6375027370950809
0.0515,0.6375027370950809
0.05175,0.6341528494734908
0.052,0.6134009052337114
0.05225,0.6134009052337114
0.0523,0.6134009052337114
0.0525,0.610079198318196
0.05275,0.6033216612502238
0.053,0.5970397766897919
0.05325,0.5970397766897919
0.0535,0.595982059971417
0.05375,0.5932251749835676
0.054,0.5932251749835676
0.05425,0.5920735534026572
0.05425,0.5920735534026572
0.0545,0.5918970243688465
0.05475,0.5918970243688465
0.055,0.5887095059806648
0.05525,0.5842696936343497
0.0555,0.5842696936343497
0.05575,0.5842696936343497
0.056,0.5842696936343497
0.0562,0.5834837646908396
0.05625,0.5834837646908396
0.0565,0.5270611830530089
0.05675,0.5032329060766133
0.057,0.5032329060766133
0.05725,0.5028535595153364
0.0575,0.4954119623539323
0.05775,0.4949545575211883
0.058,0.4949545575211883
0.05815,0.4934979525996878
0.05825,0.4909385166614756
0.0585,0.4909385166614756
0.05875,0.4840545705001181
0.059,0.4763358111266506
0.05925,0.4738263696405984
0.0595,0.4731346865110388
0.05975,0.4722965764263446
0.06,0.4722965764263446
0.0601,0.4722965764263446
0.06025,0.4721375858817531
0.0605,0.4721375858817531
0.06075,0.4721375858817531
0.061,0.471751879534121
0.06125,0.4715047332489064
0.0615,0.4631307442273491
0.06175,0.4616803409929821
0.062,0.4513588728859024
0.06205,0.4513588728859024
0.06225,0.4513588728859024
0.0625,0.4513588728859024
0.06275,0.4370853369716599
0.063,0.4128553253538171
0.06325,0.4128553253538171
0.0635,0.4126789968424115
0.06375,0.4082169071719221
0.064,0.4080125370718003
0.06425,0.4072716148836909
0.0645,0.4070947554971407
0.06475,0.40696650629734
0.065,0.4047683098339458
0.06525,0.4047683098339458
0.0655,0.3829372172588074
0.06575,0.3829372172588074
0.06595,0.3829372172588074
0.066,0.3829372172588074
0.06625,0.3829372172588074
0.0665,0.3829372172588074
0.06675,0.3433172536503488
0.067,0.3433172536503488
0.06725,0.343192714028167
0.0675,0.343192714028167
0.06775,0.343192714028167
0.0679,0.343192714028167
0.068,0.343192714028167
0.06825,0.3428504233049858
0.0685,0.3428504233049858
0.06875,0.3428504233049858
0.069,0.3413252155418742
0.06925,0.3409891925795495
0.0695,0.3390516399006095
0.06975,0.3390516399006095
0.06985,0.338869279955981
0.07,0.338869279955981
0.07025,0.3303086430866924
0.0705,0.3290696106487609
0.07075,0.3278295977332865
0.071,0.3278295977332865
0.07125,0.3278295977332865
0.0715,0.3276268225075746
0.07175,0.3276268225075746
0.0718,0.3276268225075746
0.072,0.3266032305531241
0.07225,0.3266032305531241
0.0725,0.3266032305531241
0.07275,0.3258249309038884
0.073,0.3258249309038884
0.07325,0.3258249309038884
0.0735,0.3252809536265668
0.07375,0.3252809536265668
0.07375,0.3252809536265668
0.074,0.3252809536265668
0.07425,0.3252809536265668
0.0745,0.3252809536265668
0.07475,0.3248578744752732
0.075,0.3248578744752732
0.07525,0.324637587668806
0.0755,0.3211251876019029
0.0756999999999999,0.3211251876019029
0.07575,0.3211251876019029
0.076,0.3207880611826421
0.07625,0.3207880611826421
0.0765,0.3177282336993335
0.07675,0.3177282336993335
0.077,0.3177282336993335
0.07725,0.3177282336993335
0.0775,0.3177282336993335
0.07765,0.3177282336993335
0.07775,0.3177282336993335
0.078,0.3177282336993335
0.07825,0.309664131192935
0.0785,0.308696026652359
0.07875,0.3081966827214096
0.079,0.3078483161528357
0.07925,0.3078483161528357
0.0795,0.3076726548001713
0.0796,0.3076726548001713
0.07975,0.3076726548001713
0.08,0.3076726548001713
0.08025,0.3074147472537298
0.0805,0.3017866281380342
0.08075,0.3017866281380342
0.081,0.3017866281380342
0.08125,0.3017866281380342
0.0815,0.3017866281380342
0.08155,0.3017866281380342
0.08175,0.3017866281380342
0.082,0.3017866281380342
0.08225,0.2565544135344327
0.0825,0.2565544135344327
0.08275,0.2551493099690252
0.083,0.2543530677321666
0.08325,0.2541649890363687
0.0834999999999999,0.2541649890363687
0.0835,0.2541649890363687
0.08375,0.2506053803785179
0.084,0.2506053803785179
0.08425,0.2503696645540617
0.0845,0.2501165261541296
0.08475,0.2501165261541296
0.0849999999999999,0.2501165261541296
0.0852499999999999,0.2501165261541296
0.08545,0.2498835995980475
0.0854999999999999,0.2498835995980475
0.0857499999999999,0.2498835995980475
0.086,0.2288979731329705
0.08625,0.2261141601865595
0.0865,0.2261141601865595
0.08675,0.2244415403854197
0.087,0.2244415403854197
0.08725,0.2244415403854197
0.0874,0.2242209044847423
0.0875,0.2242209044847423
0.08775,0.2242209044847423
0.088,0.1808334871382402
0.08825,0.1791602391544728
0.0885,0.1790378314572504
0.08875,0.178611231963661
0.089,0.1595124062498122
0.08925,0.1595124062498122
0.0893499999999999,0.1593398170121743
0.0895,0.1593398170121743
0.08975,0.1589660041759624
0.09,0.1589660041759624
0.09025,0.1589660041759624
0.0905,0.1587633118640751
0.09075,0.1587633118640751
0.091,0.1587633118640751
0.09125,0.1587633118640751
0.0912999999999999,0.1587633118640751
0.0915,0.1587633118640751
0.09175,0.1582300979427466
0.092,0.1581187246574799
0.09225,0.1581187246574799
0.0925,0.1581187246574799
0.09275,0.0695450008421847
0.093,0.0695450008421847
0.09325,0.0695450008421847
0.0935,0.0692425171172601
0.09375,0.0692425171172601
0.094,0.0692425171172601
0.09425,0.0692425171172601
0.0945,0.068575704697602
0.09475,0.068575704697602
0.095,0.068575704697602
0.0952,0.068575704697602
0.09525,0.068575704697602
0.0955,0.068575704697602
0.09575,0.0679457896178716
0.096,0.0679457896178716
0.09625,0.0674545934102911
0.0965,0.0674545934102911
0.09675,0.0674545934102911
0.097,0.0674545934102911
0.0971499999999999,0.0674545934102911
0.09725,0.0674545934102911
0.0975,0.0674545934102911
0.09775,0.0672447520619937
0.098,0.0670928686641591
0.09825,0.0669813503648746
0.0985,0.0669813503648746
0.09875,0.0669813503648746
0.099,0.0652620483601311
0.0991,0.0652620483601311
0.09925,0.0652620483601311
0.0995,0.0651193568198028
0.09975,0.0651193568198028
0.1,0.0651193568198028
0.10025,0.0651193568198028
0.1005,0.0606507545856512
0.10075,0.0606507545856512
0.101,0.0606507545856512
0.10105,0.0606507545856512
0.10125,0.0601760274755274
0.1015,0.0601760274755274
0.10175,0.0583883832708702
0.102,0.0583883832708702
0.10225,0.0583883832708702
0.1025,0.0555438459872082
0.10275,0.0539193166806084
0.103,0.0539193166806084
0.10325,0.0539193166806084
0.1035,0.0539193166806084
0.10375,0.0539193166806084
0.104,0.0530210629003279
0.10425,0.0530210629003279
0.1045,0.0423275508820573
0.10475,0.039462919023575
0.1049499999999999,0.039462919023575
0.105,0.039462919023575
0.10525,0.039462919023575
0.1055,0.039462919023575
0.10575,0.039462919023575
0.106,0.039462919023575
0.10625,0.039462919023575
0.1065,0.039462919023575
0.10675,0.039462919023575
0.1069,0.039462919023575
0.107,0.039462919023575
0.10725,0.039462919023575
0.1075,0.039462919023575
0.10775,0.039462919023575
0.108,0.039462919023575
0.10825,0.039462919023575
0.1085,0.039462919023575
0.10875,0.039462919023575
0.10885,0.039462919023575
0.109,0.039462919023575
0.10925,0.039462919023575
0.1095,0.039462919023575
0.10975,0.039462919023575
0.11,0.039462919023575
0.11025,0.039462919023575
0.1105,0.039462919023575
0.11075,0.0391549047416389
0.1108,0.0391549047416389
0.111,0.0391549047416389
0.11125,0.0391549047416389
0.1115,0.0389125177709051
0.11175,0.0389125177709051
0.112,0.0389125177709051
0.11225,0.0389125177709051
0.1125,0.0389125177709051
0.1127499999999999,0.0389125177709051
0.11275,0.0389125177709051
0.1129999999999999,0.0389125177709051
0.1132499999999999,0.0389125177709051
0.1134999999999999,0.0389125177709051
0.1137499999999999,0.0389125177709051
0.1139999999999999,0.0389125177709051
0.1142499999999999,0.0389125177709051
0.1144999999999999,0.0389125177709051
0.1147,0.0389125177709051
0.1147499999999999,0.0389125177709051
0.1149999999999999,0.0389125177709051
0.1152499999999999,0.0389125177709051
0.1154999999999999,0.0387999321920545
0.1157499999999999,0.0385270711177918
0.1159999999999999,0.0385270711177918
0.1162499999999999,0.0385270711177918
0.1164999999999999,0.037134527652383
0.11665,0.037134527652383
0.1167499999999999,0.0172250131580418
0.1169999999999999,0.0172250131580418
0.11725,0.0172250131580418
0.1175,0.0172250131580418
0.11775,0.0172250131580418
0.118,0.0172250131580418
0.11825,0.0172250131580418
0.1185,0.0172250131580418
0.1185999999999999,0.0172250131580418
0.11875,0.0172250131580418
0.119,0.0159476387581349
0.11925,0.0159476387581349
0.1195,0.0159476387581349
0.11975,0.0159476387581349
0.12,0.0159476387581349
0.12025,0.0159476387581349
0.1205,0.0159476387581349
0.1205499999999999,0.0159476387581349
0.12075,0.0159476387581349
0.121,0.0158254814250378
0.12125,0.0158254814250378
0.1215,0.0158254814250378
0.12175,0.0158254814250378
0.122,0.0158254814250378
0.12225,0.0158254814250378
0.1225,0.0155276591833114
0.12275,0.0155276591833114
0.123,0.0152020743108389
0.12325,0.0152020743108389
0.1235,0.0152020743108389
0.12375,0.0152020743108389
0.124,0.0152020743108389
0.12425,0.0152020743108389
0.12445,0.0152020743108389
0.1245,0.0152020743108389
0.12475,0.0152020743108389
0.125,0.0152020743108389
0.12525,0.0152020743108389
0.1255,0.0152020743108389
0.12575,0.0146639165898702
0.126,0.0146639165898702
0.12625,0.0146639165898702
0.1263999999999999,0.0146639165898702
0.1265,0.0146639165898702
0.12675,0.0146639165898702
0.127,0.0146639165898702
0.12725,0.0146639165898702
0.1275,0.0146639165898702
0.12775,0.0146639165898702
0.128,0.0146639165898702
0.12825,0.0146639165898702
0.12835,0.0146639165898702
0.1285,0.0142221162350587
0.12875,0.0142221162350587
0.129,0.0142221162350587
0.12925,0.0142221162350587
0.1295,0.0135170972609519
0.12975,0.0135170972609519
0.13,0.0133199504735103
0.13025,0.0133199504735103
0.1303,0.0133199504735103
0.1305,0.0133199504735103
0.13075,0.0133199504735103
0.131,0.0133199504735103
0.13125,0.0133199504735103
0.1315,0.0133199504735103
0.13175,0.0133199504735103
0.132,0.0133199504735103
0.13225,0.0133199504735103
0.1325,0.0133199504735103
0.13275,0.0133199504735103
0.133,0.0133199504735103
0.13325,0.0133199504735103
0.1335,0.0133199504735103
0.13375,0.0133199504735103
0.134,0.0133199504735103
0.1341999999999999,0.0133199504735103
0.13425,0.0133199504735103
0.1345,0.0133199504735103
0.13475,0.0133199504735103
0.135,0.0133199504735103
0.13525,0.0133199504735103
0.1355,0.0133199504735103
0.13575,0.0133199504735103
0.136,0.0133199504735103
0.13615,0.0133199504735103
0.13625,0.0133199504735103
0.1365,0.0133199504735103
0.13675,0.0133199504735103
0.137,0.0121097767085224
0.13725,0.0121097767085224
0.1375,0.0121097767085224
0.13775,0.0121097767085224
0.138,0.0121097767085224
0.1381,0.0116354056194709
0.13825,0.0116354056194709
0.1385,0.0116354056194709
0.13875,0.0116354056194709
0.139,0.0116354056194709
0.13925,0.0116354056194709
0.1395,0.0116354056194709
0.13975,0.0116354056194709
0.14,0.0116354056194709
0.14005,0.0116354056194709
0.14025,0.0116354056194709
0.1405,0.0116354056194709
0.14075,0.0116354056194709
0.141,0.0116354056194709
0.14125,0.0116354056194709
0.1415,0.0116354056194709
0.14175,0.0116354056194709
0.142,0.0116354056194709
0.142,0.0116354056194709
0.14225,0.0116354056194709
0.1425,0.0116354056194709
0.14275,0.0116354056194709
0.143,0.0116354056194709
0.14325,0.0116354056194709
0.1435,0.0116354056194709
0.14375,0.0116354056194709
0.14395,0.0116354056194709
0.144,0.0116354056194709
0.14425,0.0116354056194709
0.1445,0.0116354056194709
0.14475,0.0116354056194709
0.145,0.0116354056194709
0.14525,0.0116354056194709
0.1455,0.0116354056194709
0.14575,0.0116354056194709
0.1459,0.0116354056194709
0.146,0.0116354056194709
0.14625,0.0116354056194709
0.1465,0.0116354056194709
0.14675,0.0116354056194709
0.147,0.0114951508795736
0.14725,0.0114951508795736
0.1475,0.0114951508795736
0.14775,0.0114951508795736
0.14785,0.0114951508795736
0.148,0.0114951508795736
0.14825,0.0114951508795736
0.1485,0.0114951508795736
0.14875,0.0114951508795736
0.149,0.0114951508795736
0.14925,0.0111008368149485
0.1495,0.0111008368149485
0.14975,0.0111008368149485
0.1498,0.0111008368149485
0.15,0.0111008368149485
0.15175,0.0093648509998709
0.1536999999999999,0.0090468546457171
0.1556499999999999,0.0090468546457171
0.1576,0.0090468546457171
0.15955,0.0087158036188785
0.1614999999999999,0.0082567344959971
0.1634499999999999,0.0082567344959971
0.1654,0.0082567344959971
0.16735,0.0080527500785557
0.1692999999999999,0.0080527500785557
0.1712499999999999,0.0080527500785557
0.1732,0.0073171515789907
0.17515,0.0073171515789907
0.1770999999999999,0.0060384039114539
0.17905,0.0060384039114539
0.181,0.0060384039114539
0.1829499999999999,0.0060384039114539
0.1848999999999999,0.0060384039114539
0.18685,0.0060384039114539
0.1888,0.0060384039114539
0.1907499999999999,0.0060384039114539
0.1926999999999999,0.0060384039114539
0.19465,0.0060384039114539
0.1966,0.0060384039114539
0.1985499999999999,0.0057050307901521
0.2004999999999999,0.0057050307901521
0.20245,0.0057050307901521
0.2044,0.0057050307901521
0.2063499999999999,0.0057050307901521
0.2082999999999999,0.0057050307901521
0.21025,0.0057050307901521
0.2121999999999999,0.0057050307901521
0.2141499999999999,0.0057050307901521
0.2161,0.0055061459970511
0.21805,0.0055061459970511
0.2199999999999999,0.0055061459970511
0.2219499999999999,0.0055061459970511
0.2239,0.0055061459970511
0.22585,0.0055061459970511
0.2277999999999999,0.0055061459970511
0.2297499999999999,0.0055061459970511
0.2317,0.0055061459970511
0.23365,0.0055061459970511
0.2355999999999999,0.0055061459970511
0.2375499999999999,0.0055061459970511
0.2395,0.0055061459970511
0.24145,0.0055061459970511
0.2433999999999999,0.0055061459970511
0.2453499999999999,0.0055061459970511
0.2473,0.0055061459970511
0.2492499999999999,0.0055061459970511
0.2512,0.0055061459970511
0.25315,0.0055061459970511
0.2551,0.0055061459970511
0.25705,0.0055061459970511
0.259,0.0055061459970511
0.26095,0.0055061459970511
0.2629,0.0055061459970511
0.26485,0.0037150346896372
0.2668,0.0037150346896372
0.26875,0.0037150346896372
0.2707,0.0037150346896372
0.27265,0.0037150346896372
0.2746,0.0037150346896372
0.27655,0.0037150346896372
0.2785,0.0037150346896372
0.28045,0.0037150346896372
0.2824,0.0037150346896372
0.28435,0.0037150346896372
0.2863,0.0037150346896372
0.28825,0.0037150346896372
0.2902,0.0037150346896372
0.29215,0.0037150346896372
0.2941,0.0037150346896372
0.29605,0.0037150346896372
0.298,0.0037150346896372
0.29995,0.0037150346896372
0.3019,0.0037150346896372
0.30385,0.0028707894537649
0.3058,0.0028707894537649
0.30775,0.0028707894537649
0.3097,0.0028707894537649
0.31165,0.0028707894537649
0.3136,0.0028707894537649
0.31555,0.0028707894537649
0.3175,0.0028707894537649
0.31945,0.0028707894537649
0.3214,0.0028707894537649
0.32335,0.0028707894537649
0.3253,0.0028707894537649
0.32725,0.0028707894537649
0.3292,0.0028707894537649
0.33115,0.0028707894537649
0.3331,0.0028707894537649
0.33505,0.0028707894537649
0.337,0.0017162466929305
0.33895,0.0017162466929305
0.3409,0.0017162466929305
0.34285,0.0017162466929305
0.3448,0.0017162466929305
0.34675,0.0017162466929305
0.3487,0.0017162466929305
0.35065,0.0017162466929305
0.3526,0.0017162466929305
0.35455,0.0017162466929305
0.3565,0.0017162466929305
0.35845,0.0017162466929305
0.3604,0.0017162466929305
0.36235,0.0017162466929305
0.3643,0.0017162466929305
0.36625,0.0017162466929305
0.3682,0.0017162466929305
0.37015,0.0017162466929305
0.3721,0.0017162466929305
0.37405,0.0017162466929305
0.376,0.0017162466929305
0.37795,0.0017162466929305
0.3799,0.0017162466929305
0.38185,0.0017162466929305
0.3838,0.0017162466929305
0.38575,0.0017162466929305
0.3877,0.0017162466929305
0.38965,0.0017162466929305
0.3916,0.0017162466929305
0.39355,0.0017162466929305
0.3955,0.0017162466929305
0.39745,0.0017162466929305
0.3994,0.0017162466929305
0.40135,0.0017162466929305
0.4033,0.0017162466929305
0.40525,0.0017162466929305
0.4072,0.0017162466929305
0.40915,0.0017162466929305
0.4111,0.0017162466929305
0.41305,0.0017162466929305
0.415,0.0017162466929305
0.41695,0.0017162466929305
0.4189,0.0017162466929305
0.42085,0.0017162466929305
0.4228,0.0017162466929305
0.42475,0.0017162466929305
0.4267,0.0017162466929305
0.42865,0.0017162466929305
0.4306,0.0017162466929305
0.43255,0.0017162466929305
0.4345,0.0017162466929305
0.43645,0.0017162466929305
0.4384,0.0017162466929305
0.44035,0.0017162466929305
0.4423,0.0017162466929305
0.44425,0.0017162466929305
0.4462,0.0017162466929305
0.44815,0.0017162466929305
0.4501,0.0017162466929305
0.45205,0.0013461489429864
0.454,0.0013461489429864
0.45595,0.0013461489429864
0.4579,0.0013461489429864
0.45985,0.0013461489429864
0.4618,0.0013461489429864
0.46375,0.0013461489429864
0.4657,0.0013461489429864
0.46765,0.0013461489429864
0.4696,0.0013461489429864
0.47155,0.0013461489429864
0.4735,0.0013461489429864
0.47545,0.0013461489429864
0.4774,0.0013461489429864
0.47935,0.0013461489429864
0.4813,0.0013461489429864
0.48325,0.0013461489429864
0.4852,0.0013461489429864
0.48715,0.0013461489429864
0.4891,0.0013461489429864
0.49105,0.0013461489429864
0.493,0.0013461489429864
0.49495,0.0013461489429864
0.4969,0.0013461489429864
0.49885,0.0013461489429864
0.5008,0.0013461489429864
0.5027499999999999,0.0013461489429864
0.5046999999999999,0.0013461489429864
0.5066499999999999,0.0013461489429864
0.5085999999999999,0.0013461489429864
0.51055,0.0013461489429864
0.5125,0.0013461489429864
0.51445,0.0013461489429864
0.5164,0.0013461489429864
0.51835,0.0013461489429864
0.5203,0.0013461489429864
0.52225,0.0013461489429864
0.5242,0.0013461489429864
0.52615,0.0013461489429864
0.5281,0.0013461489429864
0.53005,0.0013461489429864
0.532,0.0013461489429864
0.53395,0.0013461489429864
0.5359,0.0013461489429864
0.53785,0.0013461489429864
0.5398,0.0013461489429864
0.54175,0.0013461489429864
0.5437,0.0013461489429864
0.54565,0.0013461489429864
0.5476,0.0013461489429864
0.54955,0.0013461489429864
0.5515,0.0013461489429864
0.55345,0.0013461489429864
0.5554,0.0013461489429864
0.55735,0.0013461489429864
0.5593,0.0013461489429864
0.56125,0.0013461489429864
0.5632,0.0013461489429864
0.56515,0.0013461489429864
0.5671,0.0013461489429864
0.56905,0.0013461489429864
0.571,0.0013461489429864
0.57295,0.0013461489429864
0.5749,0.0013461489429864
0.57685,0.0013461489429864
0.5788,0.0013461489429864
0.58075,0.0013461489429864
0.5827,0.0013461489429864
0.58465,0.0013461489429864
0.5866,0.0013461489429864
0.58855,0.0013461489429864
0.5905,0.0013461489429864
0.59245,0.0013461489429864
0.5944,0.0013461489429864
0.59635,0.0013461489429864
0.5982999999999999,0.0013461489429864
0.60025,0.0013461489429864
0.6022,0.0013461489429864
0.60415,0.0013461489429864
0.6061,0.0013461489429864
0.60805,0.0013461489429864
0.61,0.0013461489429864
0.61195,0.0013461489429864
0.6139,0.0013461489429864
0.61585,0.0013461489429864
0.6178,0.0013461489429864
0.61975,0.0013461489429864
0.6217,0.0013461489429864
0.62365,0.0013461489429864
0.6256,0.0013461489429864
0.6275499999999999,0.0013461489429864
0.6295,0.0013461489429864
0.63145,0.0013461489429864
0.6334,0.0013461489429864
0.63535,0.0013461489429864
0.6373,0.0013461489429864
0.63925,0.0013461489429864
0.6412,0.0013461489429864
0.64315,0.0013461489429864
0.6451,0.0
0.64705,0.0
0.649,0.0
0.65095,0.0
0.6529,0.0
0.65485,0.0
0.6567999999999999,0.0
0.65875,0.0
0.6607,0.0
0.66265,0.0
0.6646,0.0
0.66655,0.0
0.6685,0.0
0.67045,0.0
0.6724,0.0
0.67435,0.0
0.6763,0.0
0.67825,0.0
0.6802,0.0
0.68215,0.0
0.6841,0.0
0.6860499999999999,0.0
0.688,0.0
0.68995,0.0
0.6919,0.0
0.69385,0.0
0.6958,0.0
0.69775,0.0
0.6997,0.0
0.70165,0.0
0.7036,0.0
0.70555,0.0
0.7075,0.0
0.70945,0.0
0.7114,0.0
0.71335,0.0
0.7152999999999999,0.0
0.7172499999999999,0.0
0.7192,0.0
0.72115,0.0
0.7231,0.0
0.72505,0.0
0.727,0.0
0.72895,0.0
0.7309,0.0
0.73285,0.0
0.7348,0.0
0.73675,0.0
0.7387,0.0
0.74065,0.0
0.7426,0.0
0.7445499999999999,0.0
0.7464999999999999,0.0
0.74845,0.0
0.7504,0.0
0.75235,0.0
0.7543,0.0
0.75625,0.0
0.7582,0.0
0.76015,0.0
0.7621,0.0
0.76405,0.0
0.766,0.0
0.76795,0.0
0.7699,0.0
0.77185,0.0
0.7737999999999999,0.0
0.7757499999999999,0.0
0.7777,0.0
0.77965,0.0
0.7816,0.0
0.78355,0.0
0.7855,0.0
0.78745,0.0
0.7894,0.0
0.79135,0.0
0.7933,0.0
0.79525,0.0
0.7972,0.0
0.79915,0.0
0.8011,0.0
0.80305,0.0
0.8049999999999999,0.0
0.80695,0.0
0.8089,0.0
0.81085,0.0
0.8128,0.0
0.81475,0.0
0.8167,0.0
0.81865,0.0
0.8206,0.0
0.82255,0.0
0.8245,0.0
0.82645,0.0
0.8284,0.0
0.83035,0.0
0.8323,0.0
0.8342499999999999,0.0
0.8361999999999999,0.0
0.83815,0.0
0.8401,0.0
0.84205,0.0
0.844,0.0
0.84595,0.0
0.8479,0.0
0.84985,0.0
0.8518,0.0
0.85375,0.0
0.8557,0.0
0.85765,0.0
0.8596,0.0
0.86155,0.0
0.8634999999999999,0.0
0.8654499999999999,0.0
0.8674,0.0
0.86935,0.0
0.8713,0.0
0.87325,0.0
0.8752,0.0
0.87715,0.0
0.8791,0.0
0.88105,0.0
0.883,0.0
0.88495,0.0
0.8869,0.0
0.88885,0.0
0.8908,0.0
0.8927499999999999,0.0
0.8946999999999999,0.0
0.89665,0.0
0.8986,0.0
0.90055,0.0
0.9025,0.0
0.90445,0.0
0.9064,0.0
0.90835,0.0
0.9103,0.0
0.91225,0.0
0.9142,0.0
0.91615,0.0
0.9181,0.0
0.92005,0.0
0.922,0.0
0.92395,0.0
0.9259,0.0
0.92785,0.0
0.9298,0.0
0.93175,0.0
0.9337,0.0
0.93565,0.0
0.9376,0.0
0.93955,0.0
0.9415,0.0
0.94345,0.0
0.9454,0.0
0.94735,0.0
0.9493,0.0
0.95125,0.0
0.9532,0.0
0.95515,0.0
0.9571,0.0
0.95905,0.0
0.961,0.0
0.96295,0.0
0.9649,0.0
0.96685,0.0
0.9688,0.0
0.97075,0.0
0.9727,0.0
0.97465,0.0
0.9766,0.0
0.97855,0.0
0.9805,0.0
0.98245,0.0
0.9844,0.0
0.98635,0.0
0.9883,0.0
0.99025,0.0
0.9922,0.0
0.99415,0.0
0.9961,0.0
0.99805,0.0
1.0,0.0
